Order Number,Product Name,Product Category,Package Value,Shipping Cost,Return Flag,Timestamp
733869,Evening Dress,Dress,177.0,10.0,FALSE,2025-03-02
904148,Office Dress,Dress,56.0,5.0,FALSE,2025-02-16
587478,Office Dress,Dress,441.0,0.0,FALSE,2025-01-17
517868,Sandals,Shoes,405.0,5.0,FALSE,2025-03-18
489592,Sneakers,Shoes,63.0,5.0,TRUE,2025-03-03
986436,Sneakers,Shoes,450.0,10.0,TRUE,2025-01-04
746808,Evening Dress,Dress,112.0,5.0,FALSE,2025-02-06
130183,Heels,Shoes,32.0,5.0,FALSE,2025-03-31
297805,Sneakers,Shoes,57.0,0.0,FALSE,2025-01-19
124638,Belt,Accessories,282.0,5.0,FALSE,2025-03-25
428741,Summer Dress,Dress,315.0,5.0,FALSE,2025-03-03
895922,Evening Dress,Dress,435.0,10.0,FALSE,2025-01-10
406512,Handbag,Accessories,52.0,5.0,FALSE,2025-03-09
189861,Sneakers,Shoes,174.0,5.0,FALSE,2025-02-06
261711,Scarf,Accessories,138.0,10.0,FALSE,2025-03-26
874077,Scarf,Accessories,141.0,0.0,FALSE,2025-02-03
403479,Handbag,Accessories,62.0,5.0,FALSE,2025-03-26
326195,Summer Dress,Dress,195.0,10.0,FALSE,2025-03-23
326768,Scarf,Accessories,37.0,10.0,FALSE,2025-02-05
487666,Office Dress,Dress,95.0,0.0,TRUE,2025-01-16
770471,Handbag,Accessories,122.0,0.0,FALSE,2025-03-11
517277,Handbag,Accessories,420.0,0.0,FALSE,2025-03-17
105153,Sneakers,Shoes,30.0,0.0,TRUE,2025-03-06
283370,Office Dress,Dress,296.0,10.0,FALSE,2025-03-25
557462,Handbag,Accessories,309.0,5.0,FALSE,2025-01-21
675001,Summer Dress,Dress,260.0,10.0,FALSE,2025-03-21
548279,Office Dress,Dress,73.0,0.0,FALSE,2025-02-04
870444,Handbag,Accessories,184.0,0.0,FALSE,2025-03-28
333411,Scarf,Accessories,176.0,10.0,FALSE,2025-01-14
771541,Handbag,Accessories,135.0,5.0,FALSE,2025-02-24
896604,Summer Dress,Dress,274.0,5.0,TRUE,2025-03-20
725301,Belt,Accessories,296.0,5.0,TRUE,2025-01-30
228909,Evening Dress,Dress,68.0,10.0,FALSE,2025-03-01
848768,Belt,Accessories,79.0,0.0,FALSE,2025-02-06
464863,Heels,Shoes,132.0,10.0,FALSE,2025-01-13
962085,Summer Dress,Dress,35.0,10.0,FALSE,2025-03-12
804129,Sandals,Shoes,116.0,5.0,FALSE,2025-01-15
267582,Handbag,Accessories,351.0,10.0,FALSE,2025-03-11
847698,Handbag,Accessories,45.0,0.0,FALSE,2025-01-13
981577,Sandals,Shoes,435.0,10.0,FALSE,2025-03-25
125365,Sandals,Shoes,72.0,10.0,FALSE,2025-02-22
176735,Handbag,Accessories,84.0,5.0,TRUE,2025-01-21
328224,Heels,Shoes,126.0,10.0,FALSE,2025-01-13
698251,Summer Dress,Dress,208.0,10.0,FALSE,2025-03-03
604518,Heels,Shoes,28.0,5.0,FALSE,2025-02-07
105565,Office Dress,Dress,50.0,10.0,FALSE,2025-03-02
689841,Evening Dress,Dress,272.0,10.0,FALSE,2025-01-30
551037,Belt,Accessories,144.0,5.0,FALSE,2025-03-18
900019,Heels,Shoes,372.0,5.0,FALSE,2025-03-05
131033,Scarf,Accessories,115.0,5.0,FALSE,2025-01-18
986389,Office Dress,Dress,71.0,10.0,FALSE,2025-02-02
871003,Scarf,Accessories,62.0,0.0,FALSE,2025-01-01
891990,Summer Dress,Dress,450.0,0.0,FALSE,2025-03-18
764108,Sneakers,Shoes,119.0,10.0,FALSE,2025-03-11
809549,Sandals,Shoes,147.0,5.0,FALSE,2025-03-05
189659,Belt,Accessories,261.0,5.0,TRUE,2025-03-26
601642,Handbag,Accessories,237.0,5.0,FALSE,2025-02-07
362366,Scarf,Accessories,69.0,5.0,TRUE,2025-02-22
776915,Sneakers,Shoes,152.0,10.0,FALSE,2025-01-27
669665,Belt,Accessories,207.0,0.0,TRUE,2025-01-15
755225,Heels,Shoes,23.0,5.0,FALSE,2025-02-07
191831,Sandals,Shoes,141.0,5.0,FALSE,2025-02-26
566849,Evening Dress,Dress,303.0,0.0,FALSE,2025-01-01
780172,Sneakers,Shoes,126.0,10.0,FALSE,2025-01-09
108872,Sneakers,Shoes,184.0,5.0,FALSE,2025-03-29
368582,Office Dress,Dress,57.0,0.0,FALSE,2025-03-04
825980,Handbag,Accessories,166.0,0.0,FALSE,2025-03-03
284238,Sneakers,Shoes,90.0,0.0,FALSE,2025-02-01
767441,Office Dress,Dress,60.0,0.0,FALSE,2025-01-14
465029,Belt,Accessories,59.0,0.0,FALSE,2025-01-31
591346,Summer Dress,Dress,108.0,10.0,FALSE,2025-03-04
814628,Sandals,Shoes,148.0,5.0,FALSE,2025-01-04
769294,Sneakers,Shoes,92.0,0.0,FALSE,2025-02-12
706893,Summer Dress,Dress,276.0,0.0,FALSE,2025-01-09
107095,Sneakers,Shoes,28.0,0.0,TRUE,2025-03-13
153810,Belt,Accessories,150.0,5.0,FALSE,2025-03-30
291748,Summer Dress,Dress,21.0,0.0,FALSE,2025-01-05
569358,Office Dress,Dress,134.0,5.0,FALSE,2025-03-11
354243,Evening Dress,Dress,300.0,5.0,FALSE,2025-02-08
307207,Heels,Shoes,116.0,5.0,TRUE,2025-02-20
776490,Handbag,Accessories,441.0,10.0,FALSE,2025-02-16
146978,Belt,Accessories,81.0,0.0,FALSE,2025-03-19
615194,Heels,Shoes,150.0,10.0,FALSE,2025-01-10
331548,Evening Dress,Dress,132.0,5.0,FALSE,2025-01-17
297683,Belt,Accessories,150.0,5.0,TRUE,2025-03-15
732425,Sandals,Shoes,196.0,10.0,FALSE,2025-03-30
905002,Belt,Accessories,95.0,5.0,FALSE,2025-03-24
393831,Sandals,Shoes,42.0,0.0,FALSE,2025-01-06
445943,Heels,Shoes,201.0,5.0,FALSE,2025-03-29
532374,Sneakers,Shoes,144.0,0.0,FALSE,2025-01-21
125759,Heels,Shoes,31.0,5.0,TRUE,2025-03-12
447829,Sandals,Shoes,102.0,0.0,FALSE,2025-02-09
514738,Office Dress,Dress,90.0,5.0,FALSE,2025-03-03
744301,Evening Dress,Dress,210.0,5.0,TRUE,2025-02-25
397786,Handbag,Accessories,272.0,5.0,FALSE,2025-03-01
837951,Evening Dress,Dress,75.0,5.0,FALSE,2025-01-01
471735,Handbag,Accessories,133.0,10.0,FALSE,2025-03-22
830081,Belt,Accessories,195.0,5.0,FALSE,2025-03-24
388348,Summer Dress,Dress,56.0,10.0,FALSE,2025-02-23
896842,Scarf,Accessories,212.0,0.0,FALSE,2025-03-01
816465,Sneakers,Shoes,84.0,0.0,FALSE,2025-03-01
843695,Summer Dress,Dress,127.0,0.0,FALSE,2025-02-12
256279,Sneakers,Shoes,111.0,0.0,FALSE,2025-01-15
958662,Office Dress,Dress,375.0,0.0,FALSE,2025-02-20
630017,Belt,Accessories,128.0,5.0,FALSE,2025-01-03
799659,Scarf,Accessories,111.0,5.0,FALSE,2025-02-13
227537,Heels,Shoes,237.0,5.0,FALSE,2025-01-08
364579,Scarf,Accessories,324.0,5.0,FALSE,2025-03-29
841798,Sneakers,Shoes,108.0,5.0,TRUE,2025-01-31
222395,Heels,Shoes,75.0,0.0,FALSE,2025-01-03
482980,Sneakers,Shoes,70.0,5.0,FALSE,2025-02-16
712523,Evening Dress,Dress,300.0,5.0,FALSE,2025-03-09
990356,Sneakers,Shoes,177.0,10.0,FALSE,2025-02-28
306055,Belt,Accessories,280.0,0.0,FALSE,2025-02-19
610455,Office Dress,Dress,116.0,0.0,FALSE,2025-01-25
149868,Handbag,Accessories,158.0,10.0,FALSE,2025-03-16
725833,Office Dress,Dress,59.0,10.0,FALSE,2025-03-29
429564,Handbag,Accessories,168.0,5.0,TRUE,2025-01-24
709179,Summer Dress,Dress,128.0,10.0,FALSE,2025-03-04
961545,Office Dress,Dress,128.0,10.0,FALSE,2025-01-22
745475,Handbag,Accessories,54.0,10.0,FALSE,2025-02-07
808744,Heels,Shoes,132.0,10.0,FALSE,2025-02-27
378365,Summer Dress,Dress,214.0,5.0,FALSE,2025-03-21
576914,Sandals,Shoes,118.0,0.0,FALSE,2025-01-31
528634,Handbag,Accessories,278.0,10.0,FALSE,2025-02-19
281967,Belt,Accessories,242.0,0.0,FALSE,2025-01-25
428453,Heels,Shoes,110.0,5.0,FALSE,2025-01-07
508259,Sneakers,Shoes,103.0,0.0,FALSE,2025-03-18
279229,Sandals,Shoes,226.0,10.0,TRUE,2025-03-10
561018,Scarf,Accessories,48.0,0.0,FALSE,2025-02-07
715506,Sneakers,Shoes,366.0,10.0,FALSE,2025-01-31
100403,Belt,Accessories,226.0,10.0,FALSE,2025-02-18
987954,Belt,Accessories,27.0,10.0,FALSE,2025-03-05
249065,Heels,Shoes,447.0,0.0,FALSE,2025-03-17
299461,Summer Dress,Dress,58.0,5.0,FALSE,2025-02-05
882665,Office Dress,Dress,444.0,5.0,FALSE,2025-02-01
593003,Office Dress,Dress,303.0,10.0,FALSE,2025-01-18
468867,Office Dress,Dress,252.0,5.0,FALSE,2025-02-17
458161,Handbag,Accessories,195.0,5.0,FALSE,2025-01-20
567551,Heels,Shoes,35.0,0.0,TRUE,2025-02-01
282266,Scarf,Accessories,31.0,10.0,FALSE,2025-03-04
482970,Belt,Accessories,127.0,10.0,FALSE,2025-02-19
174034,Office Dress,Dress,72.0,0.0,FALSE,2025-02-06
699110,Heels,Shoes,279.0,10.0,FALSE,2025-01-25
888628,Sandals,Shoes,177.0,5.0,FALSE,2025-01-15
439147,Sandals,Shoes,366.0,10.0,FALSE,2025-01-13
785250,Belt,Accessories,51.0,5.0,TRUE,2025-01-19
373158,Sneakers,Shoes,87.0,10.0,FALSE,2025-01-10
630713,Handbag,Accessories,96.0,0.0,FALSE,2025-01-09
440289,Sandals,Shoes,134.0,10.0,FALSE,2025-02-03
309212,Heels,Shoes,276.0,0.0,FALSE,2025-03-27
914936,Office Dress,Dress,282.0,0.0,FALSE,2025-01-04
557643,Evening Dress,Dress,102.0,0.0,FALSE,2025-01-12
854213,Summer Dress,Dress,130.0,0.0,FALSE,2025-03-29
258555,Sandals,Shoes,148.0,10.0,FALSE,2025-02-13
839794,Sandals,Shoes,162.0,0.0,FALSE,2025-02-10
192807,Belt,Accessories,218.0,10.0,FALSE,2025-02-16
728552,Scarf,Accessories,90.0,0.0,FALSE,2025-01-10
132505,Office Dress,Dress,112.0,10.0,FALSE,2025-03-11
744038,Handbag,Accessories,56.0,10.0,FALSE,2025-03-24
574143,Office Dress,Dress,141.0,10.0,TRUE,2025-01-02
302002,Belt,Accessories,127.0,0.0,FALSE,2025-03-29
765892,Evening Dress,Dress,243.0,0.0,FALSE,2025-01-03
684089,Handbag,Accessories,126.0,10.0,FALSE,2025-03-21
669284,Handbag,Accessories,118.0,0.0,FALSE,2025-03-07
338924,Scarf,Accessories,216.0,0.0,FALSE,2025-02-22
345840,Summer Dress,Dress,330.0,5.0,FALSE,2025-02-27
528538,Handbag,Accessories,206.0,0.0,FALSE,2025-01-13
797565,Sandals,Shoes,372.0,10.0,FALSE,2025-01-11
984562,Belt,Accessories,42.0,5.0,FALSE,2025-01-27
523239,Handbag,Accessories,118.0,10.0,FALSE,2025-03-18
917447,Scarf,Accessories,381.0,10.0,FALSE,2025-01-19
388560,Summer Dress,Dress,53.0,0.0,FALSE,2025-03-22
279153,Belt,Accessories,63.0,5.0,FALSE,2025-03-29
872305,Office Dress,Dress,133.0,5.0,FALSE,2025-02-18
665420,Handbag,Accessories,70.0,10.0,FALSE,2025-02-14
671202,Heels,Shoes,110.0,5.0,FALSE,2025-02-14
516979,Belt,Accessories,200.0,0.0,FALSE,2025-03-14
267457,Scarf,Accessories,45.0,5.0,TRUE,2025-01-16
856522,Summer Dress,Dress,298.0,0.0,FALSE,2025-02-09
964735,Scarf,Accessories,202.0,0.0,FALSE,2025-02-24
415781,Heels,Shoes,36.0,10.0,TRUE,2025-03-03
734918,Sandals,Shoes,72.0,10.0,FALSE,2025-01-21
834054,Sneakers,Shoes,39.0,0.0,FALSE,2025-03-06
782458,Summer Dress,Dress,102.0,10.0,TRUE,2025-03-03
595877,Handbag,Accessories,387.0,10.0,TRUE,2025-03-25
497058,Office Dress,Dress,177.0,10.0,FALSE,2025-01-11
490071,Sneakers,Shoes,234.0,10.0,FALSE,2025-03-11
449835,Sneakers,Shoes,230.0,10.0,FALSE,2025-01-22
147166,Scarf,Accessories,194.0,5.0,FALSE,2025-02-20
246721,Belt,Accessories,28.0,5.0,TRUE,2025-02-16
601127,Sneakers,Shoes,201.0,5.0,FALSE,2025-01-21
140144,Sandals,Shoes,108.0,5.0,FALSE,2025-01-04
225036,Handbag,Accessories,40.0,0.0,FALSE,2025-03-17
924304,Sandals,Shoes,278.0,10.0,FALSE,2025-03-19
364419,Evening Dress,Dress,228.0,0.0,FALSE,2025-01-26
950707,Office Dress,Dress,135.0,10.0,FALSE,2025-02-03
549900,Heels,Shoes,268.0,0.0,FALSE,2025-01-30
410523,Heels,Shoes,40.0,10.0,FALSE,2025-03-04
370781,Handbag,Accessories,298.0,5.0,TRUE,2025-02-14
423654,Evening Dress,Dress,444.0,5.0,TRUE,2025-03-29
700597,Sneakers,Shoes,58.0,0.0,TRUE,2025-02-23
856284,Handbag,Accessories,117.0,10.0,TRUE,2025-02-11
464473,Sneakers,Shoes,272.0,0.0,FALSE,2025-01-23
658217,Scarf,Accessories,109.0,0.0,FALSE,2025-02-01
187042,Evening Dress,Dress,309.0,0.0,TRUE,2025-03-20
103043,Sneakers,Shoes,363.0,10.0,FALSE,2025-01-04
611887,Evening Dress,Dress,57.0,10.0,FALSE,2025-02-11
389561,Scarf,Accessories,86.0,5.0,TRUE,2025-01-01
405225,Evening Dress,Dress,53.0,10.0,FALSE,2025-01-18
835719,Belt,Accessories,396.0,10.0,TRUE,2025-03-21
124432,Heels,Shoes,152.0,5.0,FALSE,2025-01-04
518836,Sneakers,Shoes,183.0,5.0,TRUE,2025-02-27
167788,Sneakers,Shoes,156.0,5.0,FALSE,2025-01-10
165004,Sandals,Shoes,81.0,5.0,FALSE,2025-01-12
820633,Sandals,Shoes,190.0,5.0,FALSE,2025-02-19
851234,Evening Dress,Dress,111.0,0.0,FALSE,2025-03-21
582388,Office Dress,Dress,138.0,0.0,FALSE,2025-01-22
608364,Summer Dress,Dress,414.0,5.0,FALSE,2025-02-06
248682,Sandals,Shoes,384.0,0.0,FALSE,2025-02-19
190280,Sandals,Shoes,34.0,0.0,FALSE,2025-02-17
763708,Heels,Shoes,89.0,10.0,FALSE,2025-01-10
992195,Sneakers,Shoes,75.0,10.0,FALSE,2025-01-31
218475,Office Dress,Dress,70.0,10.0,FALSE,2025-03-04
192233,Summer Dress,Dress,282.0,5.0,FALSE,2025-01-12
191895,Summer Dress,Dress,237.0,5.0,FALSE,2025-01-09
433560,Summer Dress,Dress,54.0,5.0,FALSE,2025-02-05
791096,Sneakers,Shoes,272.0,5.0,TRUE,2025-01-09
972223,Heels,Shoes,103.0,0.0,FALSE,2025-01-08
293832,Evening Dress,Dress,255.0,5.0,FALSE,2025-02-07
429546,Summer Dress,Dress,122.0,0.0,FALSE,2025-01-24
872640,Evening Dress,Dress,80.0,5.0,FALSE,2025-03-31
172645,Sandals,Shoes,327.0,5.0,FALSE,2025-03-24
391776,Sandals,Shoes,194.0,5.0,FALSE,2025-03-13
737432,Handbag,Accessories,190.0,0.0,FALSE,2025-03-09
434567,Sneakers,Shoes,231.0,0.0,FALSE,2025-01-31
325395,Scarf,Accessories,250.0,5.0,TRUE,2025-01-11
511933,Sneakers,Shoes,318.0,10.0,FALSE,2025-02-08
270842,Belt,Accessories,117.0,10.0,FALSE,2025-03-17
483837,Evening Dress,Dress,48.0,0.0,TRUE,2025-01-10
900237,Summer Dress,Dress,336.0,0.0,FALSE,2025-02-27
974330,Summer Dress,Dress,378.0,5.0,FALSE,2025-02-24
310551,Scarf,Accessories,68.0,5.0,TRUE,2025-01-22
712321,Sneakers,Shoes,375.0,5.0,FALSE,2025-02-22
324568,Sneakers,Shoes,102.0,10.0,FALSE,2025-01-28
907438,Belt,Accessories,138.0,5.0,FALSE,2025-01-29
300406,Summer Dress,Dress,198.0,5.0,FALSE,2025-03-08
895507,Evening Dress,Dress,58.0,0.0,FALSE,2025-02-12
487433,Sneakers,Shoes,435.0,0.0,FALSE,2025-02-18
124045,Scarf,Accessories,149.0,5.0,FALSE,2025-02-24
551113,Evening Dress,Dress,149.0,10.0,FALSE,2025-02-05
291034,Sneakers,Shoes,42.0,0.0,FALSE,2025-03-07
992520,Office Dress,Dress,222.0,0.0,FALSE,2025-03-03
880963,Sandals,Shoes,44.0,10.0,FALSE,2025-03-28
243545,Evening Dress,Dress,330.0,5.0,FALSE,2025-03-02
626225,Summer Dress,Dress,150.0,0.0,FALSE,2025-03-11
631105,Sneakers,Shoes,130.0,5.0,FALSE,2025-03-08
518312,Sandals,Shoes,64.0,10.0,FALSE,2025-01-09
373904,Summer Dress,Dress,342.0,5.0,FALSE,2025-03-08
669047,Handbag,Accessories,144.0,0.0,FALSE,2025-02-25
728981,Scarf,Accessories,375.0,10.0,FALSE,2025-01-02
616851,Belt,Accessories,64.0,5.0,FALSE,2025-01-06
162565,Sandals,Shoes,202.0,10.0,FALSE,2025-01-24
105088,Scarf,Accessories,339.0,10.0,FALSE,2025-01-22
646702,Belt,Accessories,172.0,10.0,TRUE,2025-03-19
841422,Heels,Shoes,54.0,10.0,FALSE,2025-03-17
763429,Scarf,Accessories,218.0,10.0,FALSE,2025-03-20
432395,Heels,Shoes,103.0,5.0,FALSE,2025-01-07
536019,Summer Dress,Dress,126.0,10.0,FALSE,2025-02-15
521828,Belt,Accessories,296.0,5.0,TRUE,2025-01-13
115397,Summer Dress,Dress,103.0,0.0,FALSE,2025-03-12
306832,Scarf,Accessories,279.0,5.0,FALSE,2025-01-28
596433,Sneakers,Shoes,129.0,10.0,FALSE,2025-03-24
799734,Scarf,Accessories,82.0,10.0,FALSE,2025-02-11
409415,Scarf,Accessories,342.0,10.0,FALSE,2025-02-18
833744,Evening Dress,Dress,282.0,10.0,FALSE,2025-02-01
680808,Scarf,Accessories,146.0,10.0,TRUE,2025-03-21
962075,Summer Dress,Dress,276.0,5.0,FALSE,2025-02-16
347058,Sandals,Shoes,208.0,5.0,FALSE,2025-01-17
990737,Sneakers,Shoes,126.0,0.0,FALSE,2025-01-31
191214,Office Dress,Dress,72.0,5.0,TRUE,2025-01-17
735645,Sandals,Shoes,67.0,0.0,FALSE,2025-02-04
312771,Scarf,Accessories,150.0,5.0,FALSE,2025-02-22
203408,Scarf,Accessories,46.0,0.0,FALSE,2025-03-14
712128,Handbag,Accessories,300.0,10.0,TRUE,2025-01-21
460328,Handbag,Accessories,63.0,5.0,FALSE,2025-02-09
120107,Sneakers,Shoes,255.0,10.0,FALSE,2025-03-12
180862,Belt,Accessories,208.0,5.0,FALSE,2025-01-04
864619,Summer Dress,Dress,110.0,5.0,FALSE,2025-01-02
765205,Heels,Shoes,126.0,0.0,FALSE,2025-02-01
319946,Scarf,Accessories,117.0,10.0,FALSE,2025-02-18
643738,Sandals,Shoes,258.0,0.0,FALSE,2025-01-07
223161,Sneakers,Shoes,98.0,5.0,FALSE,2025-01-19
654796,Heels,Shoes,210.0,10.0,FALSE,2025-03-11
775190,Office Dress,Dress,147.0,0.0,FALSE,2025-03-12
505269,Evening Dress,Dress,154.0,0.0,FALSE,2025-02-02
426196,Handbag,Accessories,81.0,10.0,FALSE,2025-03-16
826590,Sneakers,Shoes,117.0,10.0,FALSE,2025-02-12
194514,Scarf,Accessories,228.0,5.0,FALSE,2025-02-20
878876,Sneakers,Shoes,250.0,0.0,FALSE,2025-02-24
481876,Evening Dress,Dress,220.0,5.0,FALSE,2025-01-09
947926,Heels,Shoes,147.0,5.0,TRUE,2025-01-23
151721,Heels,Shoes,129.0,5.0,FALSE,2025-03-05
338592,Belt,Accessories,270.0,10.0,FALSE,2025-03-31
306421,Summer Dress,Dress,84.0,10.0,FALSE,2025-03-03
799974,Evening Dress,Dress,183.0,0.0,FALSE,2025-02-17
529121,Sneakers,Shoes,160.0,0.0,FALSE,2025-03-19
726178,Sneakers,Shoes,390.0,0.0,FALSE,2025-02-19
354323,Sneakers,Shoes,441.0,5.0,FALSE,2025-03-10
845471,Handbag,Accessories,61.0,10.0,FALSE,2025-03-24
260441,Belt,Accessories,116.0,5.0,FALSE,2025-02-05
996310,Summer Dress,Dress,129.0,0.0,FALSE,2025-01-26
361665,Office Dress,Dress,27.0,0.0,FALSE,2025-03-29
329668,Belt,Accessories,67.0,0.0,FALSE,2025-03-07
253337,Evening Dress,Dress,201.0,5.0,TRUE,2025-03-25
106738,Heels,Shoes,128.0,0.0,FALSE,2025-01-21
453434,Evening Dress,Dress,138.0,10.0,FALSE,2025-02-10
356789,Sandals,Shoes,58.0,5.0,TRUE,2025-01-17
232439,Summer Dress,Dress,117.0,0.0,TRUE,2025-01-12
659067,Heels,Shoes,384.0,10.0,FALSE,2025-03-22
317444,Scarf,Accessories,138.0,5.0,FALSE,2025-03-19
308306,Evening Dress,Dress,55.0,5.0,FALSE,2025-02-21
438460,Belt,Accessories,280.0,5.0,FALSE,2025-03-07
721853,Summer Dress,Dress,119.0,0.0,FALSE,2025-01-05
308078,Belt,Accessories,117.0,0.0,FALSE,2025-03-08
469042,Scarf,Accessories,164.0,10.0,TRUE,2025-02-13
917777,Belt,Accessories,130.0,10.0,FALSE,2025-03-09
261092,Evening Dress,Dress,336.0,0.0,FALSE,2025-02-20
693070,Scarf,Accessories,208.0,0.0,FALSE,2025-02-19
735430,Belt,Accessories,63.0,0.0,FALSE,2025-03-22
191202,Evening Dress,Dress,58.0,5.0,FALSE,2025-02-09
196054,Heels,Shoes,74.0,10.0,FALSE,2025-03-30
971910,Summer Dress,Dress,318.0,5.0,FALSE,2025-02-09
124982,Scarf,Accessories,84.0,10.0,FALSE,2025-03-21
838264,Office Dress,Dress,156.0,5.0,TRUE,2025-01-29
721674,Scarf,Accessories,88.0,5.0,FALSE,2025-01-10
679417,Evening Dress,Dress,360.0,10.0,TRUE,2025-03-15
709336,Belt,Accessories,78.0,5.0,FALSE,2025-02-19
193889,Sandals,Shoes,183.0,10.0,FALSE,2025-03-06
347840,Belt,Accessories,108.0,0.0,FALSE,2025-03-08
434590,Sandals,Shoes,402.0,0.0,FALSE,2025-02-18
308113,Handbag,Accessories,70.0,5.0,FALSE,2025-03-25
908393,Handbag,Accessories,54.0,10.0,FALSE,2025-03-30
582240,Sneakers,Shoes,100.0,0.0,FALSE,2025-02-13
316772,Evening Dress,Dress,118.0,10.0,FALSE,2025-01-12
814548,Sandals,Shoes,66.0,10.0,FALSE,2025-02-16
504296,Evening Dress,Dress,44.0,5.0,FALSE,2025-03-18
961156,Heels,Shoes,63.0,0.0,FALSE,2025-03-23
647295,Sneakers,Shoes,198.0,10.0,FALSE,2025-03-21
606570,Scarf,Accessories,242.0,0.0,FALSE,2025-03-18
596787,Sandals,Shoes,220.0,5.0,FALSE,2025-03-04
199678,Handbag,Accessories,84.0,10.0,FALSE,2025-01-18
761949,Sneakers,Shoes,105.0,10.0,FALSE,2025-01-20
616840,Sandals,Shoes,244.0,0.0,FALSE,2025-02-08
507729,Sandals,Shoes,154.0,5.0,FALSE,2025-02-15
456419,Office Dress,Dress,180.0,5.0,FALSE,2025-02-25
527577,Sandals,Shoes,140.0,0.0,FALSE,2025-02-13
384792,Handbag,Accessories,450.0,0.0,FALSE,2025-01-30
354184,Sneakers,Shoes,387.0,0.0,FALSE,2025-03-10
901020,Heels,Shoes,100.0,5.0,FALSE,2025-03-04
897128,Heels,Shoes,60.0,5.0,FALSE,2025-01-20
947339,Summer Dress,Dress,327.0,0.0,TRUE,2025-01-27
230730,Office Dress,Dress,25.0,5.0,FALSE,2025-03-29
687369,Handbag,Accessories,186.0,5.0,FALSE,2025-02-10
396506,Evening Dress,Dress,309.0,10.0,FALSE,2025-03-18
724157,Sandals,Shoes,256.0,5.0,FALSE,2025-02-16
208342,Evening Dress,Dress,153.0,0.0,FALSE,2025-02-16
582306,Sneakers,Shoes,66.0,0.0,FALSE,2025-01-28
892361,Sandals,Shoes,48.0,5.0,TRUE,2025-01-22
102363,Heels,Shoes,92.0,10.0,FALSE,2025-02-17
889217,Sandals,Shoes,158.0,10.0,FALSE,2025-03-07
776107,Office Dress,Dress,98.0,5.0,FALSE,2025-03-11
380096,Heels,Shoes,75.0,5.0,FALSE,2025-01-28
822256,Heels,Shoes,64.0,5.0,FALSE,2025-01-04
805724,Summer Dress,Dress,137.0,5.0,FALSE,2025-01-04
564620,Heels,Shoes,150.0,5.0,FALSE,2025-02-06
378278,Summer Dress,Dress,84.0,10.0,FALSE,2025-01-23
575164,Sneakers,Shoes,202.0,10.0,FALSE,2025-02-22
588265,Belt,Accessories,168.0,0.0,FALSE,2025-03-12
547809,Handbag,Accessories,124.0,5.0,FALSE,2025-02-19
583712,Belt,Accessories,124.0,10.0,TRUE,2025-03-31
679790,Office Dress,Dress,178.0,10.0,FALSE,2025-01-13
155532,Heels,Shoes,60.0,10.0,FALSE,2025-02-12
918628,Office Dress,Dress,142.0,10.0,FALSE,2025-03-28
413502,Belt,Accessories,57.0,10.0,FALSE,2025-03-28
403439,Handbag,Accessories,339.0,5.0,FALSE,2025-03-19
552309,Heels,Shoes,26.0,10.0,TRUE,2025-02-01
544024,Handbag,Accessories,260.0,5.0,FALSE,2025-03-26
521382,Summer Dress,Dress,267.0,5.0,FALSE,2025-02-05
902050,Heels,Shoes,128.0,10.0,FALSE,2025-03-27
637380,Evening Dress,Dress,130.0,0.0,FALSE,2025-01-23
494193,Sneakers,Shoes,297.0,10.0,FALSE,2025-01-18
603301,Office Dress,Dress,291.0,5.0,FALSE,2025-03-22
578625,Heels,Shoes,27.0,5.0,FALSE,2025-02-07
134562,Heels,Shoes,84.0,10.0,FALSE,2025-01-08
827610,Office Dress,Dress,106.0,0.0,FALSE,2025-03-11
213366,Sandals,Shoes,156.0,0.0,TRUE,2025-03-15
638336,Sneakers,Shoes,81.0,0.0,FALSE,2025-01-02
928974,Sandals,Shoes,40.0,10.0,FALSE,2025-02-23
594545,Belt,Accessories,357.0,5.0,FALSE,2025-02-18
660630,Belt,Accessories,29.0,5.0,FALSE,2025-03-13
128945,Heels,Shoes,256.0,5.0,FALSE,2025-01-07
289258,Summer Dress,Dress,45.0,5.0,FALSE,2025-03-06
909033,Office Dress,Dress,42.0,0.0,TRUE,2025-03-13
222981,Evening Dress,Dress,184.0,5.0,FALSE,2025-03-19
882084,Sneakers,Shoes,378.0,0.0,FALSE,2025-01-11
105902,Evening Dress,Dress,234.0,10.0,FALSE,2025-02-12
629234,Summer Dress,Dress,133.0,0.0,FALSE,2025-01-22
710158,Scarf,Accessories,138.0,10.0,FALSE,2025-01-24
201272,Sneakers,Shoes,240.0,0.0,FALSE,2025-02-13
297140,Heels,Shoes,274.0,10.0,FALSE,2025-03-04
956673,Scarf,Accessories,405.0,5.0,FALSE,2025-01-25
270997,Sneakers,Shoes,300.0,5.0,FALSE,2025-01-30
100599,Belt,Accessories,79.0,5.0,TRUE,2025-03-02
876589,Handbag,Accessories,393.0,0.0,FALSE,2025-01-05
284267,Evening Dress,Dress,45.0,5.0,FALSE,2025-01-14
968037,Scarf,Accessories,21.0,5.0,FALSE,2025-02-06
476857,Scarf,Accessories,231.0,5.0,FALSE,2025-01-02
444287,Sneakers,Shoes,146.0,10.0,FALSE,2025-01-20
654289,Handbag,Accessories,417.0,5.0,FALSE,2025-01-28
109069,Belt,Accessories,45.0,10.0,FALSE,2025-03-17
395359,Summer Dress,Dress,294.0,0.0,FALSE,2025-02-22
526184,Sandals,Shoes,284.0,10.0,TRUE,2025-03-11
854414,Summer Dress,Dress,231.0,0.0,FALSE,2025-02-11
358162,Office Dress,Dress,141.0,0.0,TRUE,2025-01-26
400846,Sandals,Shoes,62.0,0.0,TRUE,2025-01-07
849182,Evening Dress,Dress,252.0,0.0,FALSE,2025-02-09
470432,Handbag,Accessories,354.0,5.0,FALSE,2025-01-01
119247,Sneakers,Shoes,146.0,0.0,FALSE,2025-01-31
750700,Belt,Accessories,117.0,0.0,FALSE,2025-02-22
927143,Sandals,Shoes,42.0,5.0,FALSE,2025-03-11
237881,Evening Dress,Dress,29.0,10.0,FALSE,2025-03-12
515483,Sandals,Shoes,49.0,5.0,FALSE,2025-03-28
107117,Heels,Shoes,106.0,10.0,FALSE,2025-03-10
801201,Sandals,Shoes,78.0,0.0,FALSE,2025-02-20
185995,Scarf,Accessories,210.0,5.0,FALSE,2025-03-25
234291,Belt,Accessories,256.0,5.0,TRUE,2025-03-03
920039,Sneakers,Shoes,152.0,0.0,FALSE,2025-03-08
446578,Heels,Shoes,126.0,0.0,TRUE,2025-01-25
931633,Evening Dress,Dress,228.0,10.0,FALSE,2025-01-13
615167,Sneakers,Shoes,231.0,0.0,FALSE,2025-02-10
568007,Handbag,Accessories,256.0,10.0,FALSE,2025-01-24
330901,Office Dress,Dress,303.0,5.0,TRUE,2025-02-18
774479,Heels,Shoes,42.0,10.0,FALSE,2025-03-30
857321,Heels,Shoes,162.0,10.0,FALSE,2025-03-01
206749,Office Dress,Dress,342.0,10.0,FALSE,2025-02-13
329954,Sandals,Shoes,225.0,10.0,FALSE,2025-03-27
112937,Summer Dress,Dress,70.0,0.0,FALSE,2025-02-18
380349,Scarf,Accessories,264.0,0.0,FALSE,2025-02-27
635796,Office Dress,Dress,42.0,10.0,FALSE,2025-03-10
312748,Office Dress,Dress,36.0,5.0,FALSE,2025-03-23
202889,Scarf,Accessories,110.0,0.0,TRUE,2025-01-10
936210,Summer Dress,Dress,29.0,0.0,FALSE,2025-03-12
675390,Heels,Shoes,234.0,5.0,FALSE,2025-03-11
228446,Scarf,Accessories,152.0,10.0,FALSE,2025-02-08
959078,Evening Dress,Dress,148.0,5.0,FALSE,2025-01-20
617574,Evening Dress,Dress,129.0,0.0,FALSE,2025-01-23
836116,Heels,Shoes,286.0,5.0,FALSE,2025-03-16
953551,Heels,Shoes,53.0,10.0,FALSE,2025-03-19
290641,Heels,Shoes,294.0,5.0,FALSE,2025-02-27
170548,Belt,Accessories,288.0,10.0,FALSE,2025-02-19
595432,Scarf,Accessories,261.0,5.0,FALSE,2025-01-03
286697,Heels,Shoes,399.0,10.0,FALSE,2025-02-28
569629,Scarf,Accessories,270.0,0.0,FALSE,2025-01-11
928513,Scarf,Accessories,66.0,10.0,TRUE,2025-01-04
303079,Scarf,Accessories,222.0,0.0,TRUE,2025-01-23
402437,Heels,Shoes,212.0,0.0,FALSE,2025-01-27
433491,Evening Dress,Dress,345.0,10.0,FALSE,2025-03-01
696312,Handbag,Accessories,180.0,10.0,FALSE,2025-02-26
473064,Summer Dress,Dress,256.0,5.0,FALSE,2025-02-21
412361,Belt,Accessories,134.0,10.0,FALSE,2025-01-07
894302,Belt,Accessories,327.0,5.0,FALSE,2025-01-01
351975,Office Dress,Dress,387.0,0.0,FALSE,2025-02-12
774580,Scarf,Accessories,114.0,0.0,FALSE,2025-01-29
553475,Handbag,Accessories,117.0,10.0,TRUE,2025-03-10
257406,Heels,Shoes,81.0,10.0,FALSE,2025-01-25
640619,Sneakers,Shoes,141.0,0.0,TRUE,2025-03-04
196067,Heels,Shoes,25.0,10.0,FALSE,2025-03-08
526862,Summer Dress,Dress,438.0,5.0,FALSE,2025-02-01
942421,Belt,Accessories,143.0,0.0,FALSE,2025-02-18
195143,Sneakers,Shoes,81.0,0.0,FALSE,2025-01-31
326826,Handbag,Accessories,67.0,10.0,FALSE,2025-01-10
728874,Sandals,Shoes,133.0,10.0,FALSE,2025-01-12
532509,Summer Dress,Dress,96.0,10.0,FALSE,2025-03-14
525943,Belt,Accessories,149.0,10.0,FALSE,2025-03-25
861860,Belt,Accessories,123.0,10.0,TRUE,2025-01-03
323339,Handbag,Accessories,116.0,0.0,TRUE,2025-02-03
742136,Scarf,Accessories,141.0,10.0,FALSE,2025-01-22
311059,Summer Dress,Dress,132.0,10.0,FALSE,2025-03-04
553585,Evening Dress,Dress,258.0,5.0,FALSE,2025-01-02
577861,Sandals,Shoes,76.0,0.0,FALSE,2025-01-31
625890,Belt,Accessories,282.0,10.0,FALSE,2025-02-06
579611,Sandals,Shoes,208.0,10.0,FALSE,2025-03-15
157037,Sandals,Shoes,297.0,0.0,TRUE,2025-03-18
454889,Evening Dress,Dress,103.0,10.0,FALSE,2025-01-04
257754,Belt,Accessories,258.0,0.0,FALSE,2025-03-13
533351,Handbag,Accessories,114.0,0.0,TRUE,2025-03-28
660210,Heels,Shoes,60.0,5.0,TRUE,2025-03-21
107648,Handbag,Accessories,148.0,5.0,TRUE,2025-03-13
831226,Belt,Accessories,363.0,0.0,FALSE,2025-03-28
150292,Heels,Shoes,444.0,5.0,FALSE,2025-03-10
654504,Sandals,Shoes,270.0,10.0,TRUE,2025-03-04
993528,Heels,Shoes,129.0,5.0,FALSE,2025-02-07
947340,Heels,Shoes,103.0,5.0,TRUE,2025-01-22
421654,Scarf,Accessories,402.0,5.0,FALSE,2025-01-13
991320,Evening Dress,Dress,42.0,5.0,TRUE,2025-01-14
686598,Belt,Accessories,78.0,5.0,FALSE,2025-02-08
190942,Scarf,Accessories,137.0,0.0,FALSE,2025-02-26
924437,Heels,Shoes,81.0,10.0,FALSE,2025-01-01
630099,Handbag,Accessories,128.0,0.0,TRUE,2025-01-16
100701,Scarf,Accessories,36.0,5.0,FALSE,2025-02-01
147065,Sneakers,Shoes,66.0,10.0,FALSE,2025-02-05
742568,Office Dress,Dress,268.0,0.0,FALSE,2025-03-13
918414,Sandals,Shoes,122.0,5.0,FALSE,2025-03-18
760156,Summer Dress,Dress,102.0,10.0,FALSE,2025-02-20
175824,Evening Dress,Dress,115.0,0.0,FALSE,2025-02-05
185081,Sneakers,Shoes,123.0,5.0,FALSE,2025-01-09
906209,Scarf,Accessories,118.0,5.0,FALSE,2025-01-14
840053,Handbag,Accessories,34.0,0.0,FALSE,2025-03-30
202107,Summer Dress,Dress,66.0,0.0,FALSE,2025-01-25
142414,Evening Dress,Dress,47.0,10.0,FALSE,2025-01-16
166693,Summer Dress,Dress,156.0,5.0,TRUE,2025-01-17
700010,Handbag,Accessories,290.0,10.0,FALSE,2025-01-14
656345,Sandals,Shoes,268.0,10.0,FALSE,2025-03-28
302088,Office Dress,Dress,60.0,5.0,TRUE,2025-03-23
218996,Scarf,Accessories,123.0,10.0,FALSE,2025-02-11
268244,Sandals,Shoes,106.0,10.0,FALSE,2025-03-02
847172,Heels,Shoes,274.0,0.0,FALSE,2025-03-18
196671,Sandals,Shoes,23.0,0.0,FALSE,2025-02-12
479335,Sandals,Shoes,78.0,5.0,FALSE,2025-03-30
106860,Office Dress,Dress,27.0,5.0,FALSE,2025-03-26
695794,Belt,Accessories,80.0,0.0,FALSE,2025-03-04
639732,Evening Dress,Dress,28.0,0.0,FALSE,2025-01-20
216049,Handbag,Accessories,136.0,10.0,FALSE,2025-01-03
816335,Belt,Accessories,103.0,5.0,FALSE,2025-01-16
182655,Heels,Shoes,88.0,10.0,FALSE,2025-03-11
284221,Summer Dress,Dress,54.0,10.0,FALSE,2025-01-31
336836,Summer Dress,Dress,168.0,10.0,FALSE,2025-01-02
564394,Belt,Accessories,51.0,0.0,FALSE,2025-01-09
810926,Scarf,Accessories,264.0,10.0,FALSE,2025-01-28
828973,Scarf,Accessories,73.0,10.0,FALSE,2025-02-02
827100,Sandals,Shoes,126.0,0.0,FALSE,2025-02-15
349598,Heels,Shoes,98.0,10.0,FALSE,2025-01-19
240651,Heels,Shoes,39.0,0.0,FALSE,2025-01-05
767425,Summer Dress,Dress,206.0,10.0,FALSE,2025-01-27
217115,Sandals,Shoes,81.0,0.0,FALSE,2025-02-24
232401,Sandals,Shoes,70.0,10.0,FALSE,2025-02-12
318453,Evening Dress,Dress,273.0,5.0,FALSE,2025-02-10
681747,Office Dress,Dress,278.0,10.0,FALSE,2025-02-26
148017,Sneakers,Shoes,86.0,5.0,FALSE,2025-03-26
396559,Handbag,Accessories,258.0,0.0,FALSE,2025-02-14
892029,Sandals,Shoes,91.0,0.0,FALSE,2025-01-16
728933,Heels,Shoes,70.0,0.0,FALSE,2025-01-07
663763,Belt,Accessories,72.0,0.0,FALSE,2025-01-18
433502,Scarf,Accessories,122.0,10.0,FALSE,2025-01-15
308237,Sneakers,Shoes,339.0,5.0,FALSE,2025-02-02
181943,Handbag,Accessories,138.0,5.0,FALSE,2025-03-27
228880,Belt,Accessories,288.0,10.0,FALSE,2025-02-24
650143,Handbag,Accessories,69.0,5.0,FALSE,2025-02-28
956762,Scarf,Accessories,143.0,10.0,FALSE,2025-01-11
815467,Handbag,Accessories,25.0,0.0,FALSE,2025-03-06
169003,Heels,Shoes,306.0,5.0,FALSE,2025-03-07
804694,Summer Dress,Dress,224.0,0.0,FALSE,2025-03-21
384956,Evening Dress,Dress,254.0,5.0,FALSE,2025-02-27
879711,Sandals,Shoes,156.0,0.0,FALSE,2025-03-27
230890,Belt,Accessories,68.0,0.0,FALSE,2025-02-21
185854,Heels,Shoes,222.0,0.0,FALSE,2025-02-07
708166,Sandals,Shoes,171.0,10.0,FALSE,2025-02-12
166021,Scarf,Accessories,195.0,5.0,FALSE,2025-03-27
917165,Evening Dress,Dress,183.0,5.0,FALSE,2025-03-19
206492,Scarf,Accessories,270.0,10.0,FALSE,2025-01-01
736453,Evening Dress,Dress,147.0,10.0,FALSE,2025-02-04
781408,Evening Dress,Dress,164.0,5.0,FALSE,2025-03-05
865105,Handbag,Accessories,90.0,0.0,TRUE,2025-03-23
219570,Sneakers,Shoes,202.0,5.0,FALSE,2025-03-15
652640,Scarf,Accessories,213.0,0.0,FALSE,2025-02-02
197515,Office Dress,Dress,162.0,10.0,FALSE,2025-03-10
375792,Belt,Accessories,105.0,5.0,FALSE,2025-03-29
182080,Sandals,Shoes,136.0,0.0,FALSE,2025-03-22
879706,Office Dress,Dress,190.0,10.0,TRUE,2025-03-03
423480,Handbag,Accessories,252.0,10.0,FALSE,2025-02-13
669766,Handbag,Accessories,363.0,10.0,FALSE,2025-03-19
636288,Heels,Shoes,264.0,10.0,FALSE,2025-03-29
362601,Handbag,Accessories,261.0,0.0,FALSE,2025-01-27
623627,Evening Dress,Dress,124.0,0.0,FALSE,2025-03-27
562709,Evening Dress,Dress,27.0,5.0,FALSE,2025-02-01
205873,Scarf,Accessories,393.0,0.0,FALSE,2025-03-10
673763,Heels,Shoes,116.0,10.0,FALSE,2025-03-03
987679,Sandals,Shoes,110.0,5.0,FALSE,2025-01-10
686506,Office Dress,Dress,63.0,5.0,FALSE,2025-03-04
966723,Belt,Accessories,61.0,10.0,FALSE,2025-03-19
301873,Summer Dress,Dress,112.0,0.0,FALSE,2025-02-12
707694,Handbag,Accessories,46.0,0.0,FALSE,2025-01-18
321623,Belt,Accessories,95.0,10.0,FALSE,2025-01-10
677677,Heels,Shoes,81.0,10.0,FALSE,2025-02-02
258533,Summer Dress,Dress,106.0,0.0,TRUE,2025-03-13
895269,Handbag,Accessories,278.0,5.0,FALSE,2025-03-01
592450,Evening Dress,Dress,441.0,0.0,FALSE,2025-03-15
952168,Belt,Accessories,57.0,10.0,FALSE,2025-03-23
590627,Handbag,Accessories,93.0,10.0,FALSE,2025-02-23
102172,Evening Dress,Dress,224.0,10.0,FALSE,2025-03-19
806583,Sandals,Shoes,256.0,10.0,FALSE,2025-02-01
230317,Heels,Shoes,131.0,10.0,FALSE,2025-02-19
614329,Heels,Shoes,276.0,0.0,FALSE,2025-01-29
824244,Heels,Shoes,242.0,0.0,FALSE,2025-01-26
315525,Handbag,Accessories,276.0,5.0,FALSE,2025-01-29
873923,Sneakers,Shoes,114.0,5.0,FALSE,2025-03-21
425623,Sneakers,Shoes,216.0,0.0,FALSE,2025-01-27
611175,Handbag,Accessories,75.0,5.0,FALSE,2025-01-21
297895,Sandals,Shoes,63.0,0.0,FALSE,2025-03-17
112800,Office Dress,Dress,196.0,0.0,FALSE,2025-01-10
470844,Evening Dress,Dress,117.0,10.0,FALSE,2025-03-30
787668,Evening Dress,Dress,60.0,5.0,TRUE,2025-01-02
187979,Office Dress,Dress,99.0,5.0,FALSE,2025-03-15
637267,Office Dress,Dress,441.0,10.0,FALSE,2025-01-02
242898,Sandals,Shoes,240.0,10.0,FALSE,2025-03-12
122574,Handbag,Accessories,405.0,5.0,TRUE,2025-01-20
451226,Scarf,Accessories,210.0,0.0,FALSE,2025-03-05
626232,Evening Dress,Dress,165.0,5.0,FALSE,2025-01-01
621104,Summer Dress,Dress,46.0,5.0,FALSE,2025-01-25
832071,Heels,Shoes,58.0,5.0,TRUE,2025-03-05
985047,Belt,Accessories,387.0,10.0,TRUE,2025-02-20
794935,Scarf,Accessories,375.0,10.0,FALSE,2025-01-09
225670,Office Dress,Dress,78.0,10.0,FALSE,2025-01-05
426564,Summer Dress,Dress,393.0,10.0,FALSE,2025-03-05
418716,Summer Dress,Dress,138.0,10.0,TRUE,2025-02-28
240651,Sandals,Shoes,117.0,5.0,FALSE,2025-01-08
501883,Handbag,Accessories,248.0,0.0,FALSE,2025-02-21
658201,Sneakers,Shoes,196.0,10.0,FALSE,2025-02-27
729256,Office Dress,Dress,224.0,0.0,TRUE,2025-03-10
258120,Sneakers,Shoes,202.0,10.0,FALSE,2025-01-12
514354,Evening Dress,Dress,156.0,5.0,FALSE,2025-02-17
804079,Sandals,Shoes,130.0,10.0,FALSE,2025-01-10
565897,Belt,Accessories,120.0,5.0,FALSE,2025-01-22
287679,Evening Dress,Dress,93.0,10.0,TRUE,2025-02-20
159725,Handbag,Accessories,88.0,0.0,FALSE,2025-01-01
506010,Handbag,Accessories,141.0,5.0,FALSE,2025-03-17
640961,Heels,Shoes,93.0,0.0,FALSE,2025-01-06
283825,Evening Dress,Dress,54.0,5.0,FALSE,2025-03-16
720269,Sandals,Shoes,81.0,10.0,TRUE,2025-02-14
533536,Summer Dress,Dress,130.0,5.0,FALSE,2025-01-06
659542,Evening Dress,Dress,204.0,10.0,FALSE,2025-01-24
451796,Belt,Accessories,101.0,0.0,FALSE,2025-02-27
199531,Handbag,Accessories,294.0,0.0,FALSE,2025-03-30
624404,Sandals,Shoes,30.0,5.0,FALSE,2025-03-30
573805,Sneakers,Shoes,125.0,10.0,FALSE,2025-01-10
510660,Office Dress,Dress,153.0,0.0,FALSE,2025-02-26
654507,Heels,Shoes,117.0,5.0,FALSE,2025-01-17
357420,Office Dress,Dress,47.0,10.0,FALSE,2025-01-05
869773,Office Dress,Dress,74.0,10.0,TRUE,2025-03-10
667019,Belt,Accessories,68.0,10.0,FALSE,2025-01-31
785564,Handbag,Accessories,240.0,5.0,FALSE,2025-03-20
998702,Sandals,Shoes,166.0,0.0,FALSE,2025-03-18
646486,Sandals,Shoes,110.0,0.0,FALSE,2025-01-10
496229,Sandals,Shoes,206.0,5.0,TRUE,2025-01-15
874953,Sandals,Shoes,238.0,5.0,TRUE,2025-02-02
507712,Sandals,Shoes,58.0,5.0,FALSE,2025-01-12
241191,Heels,Shoes,130.0,5.0,FALSE,2025-03-10
442001,Sneakers,Shoes,285.0,5.0,FALSE,2025-01-12
896921,Sandals,Shoes,45.0,5.0,FALSE,2025-03-29
247209,Sneakers,Shoes,95.0,10.0,FALSE,2025-01-23
341300,Handbag,Accessories,150.0,5.0,FALSE,2025-02-02
552777,Scarf,Accessories,80.0,5.0,FALSE,2025-02-04
962396,Summer Dress,Dress,153.0,10.0,FALSE,2025-01-04
674217,Office Dress,Dress,399.0,5.0,FALSE,2025-01-02
854255,Evening Dress,Dress,76.0,0.0,FALSE,2025-03-12
869017,Sandals,Shoes,108.0,5.0,FALSE,2025-01-15
144497,Belt,Accessories,208.0,5.0,FALSE,2025-02-20
495353,Office Dress,Dress,78.0,5.0,FALSE,2025-02-27
931313,Sneakers,Shoes,128.0,10.0,FALSE,2025-02-21
364877,Summer Dress,Dress,198.0,0.0,FALSE,2025-01-06
290751,Scarf,Accessories,133.0,5.0,FALSE,2025-01-12
245646,Sandals,Shoes,98.0,0.0,FALSE,2025-01-04
965643,Office Dress,Dress,90.0,0.0,FALSE,2025-01-08
115343,Heels,Shoes,296.0,5.0,FALSE,2025-01-13
708355,Sandals,Shoes,77.0,10.0,FALSE,2025-02-07
753771,Office Dress,Dress,52.0,0.0,FALSE,2025-01-13
757479,Sandals,Shoes,29.0,5.0,TRUE,2025-01-29
810203,Handbag,Accessories,266.0,0.0,FALSE,2025-02-28
769834,Evening Dress,Dress,136.0,10.0,FALSE,2025-03-07
662081,Heels,Shoes,176.0,10.0,FALSE,2025-01-28
193636,Evening Dress,Dress,438.0,0.0,TRUE,2025-02-13
163974,Office Dress,Dress,201.0,5.0,TRUE,2025-01-24
607514,Handbag,Accessories,70.0,10.0,TRUE,2025-03-19
591864,Handbag,Accessories,98.0,5.0,FALSE,2025-01-26
599574,Office Dress,Dress,435.0,10.0,FALSE,2025-01-06
747366,Belt,Accessories,148.0,10.0,FALSE,2025-01-25
503292,Scarf,Accessories,186.0,10.0,FALSE,2025-03-25
578350,Evening Dress,Dress,100.0,0.0,TRUE,2025-03-27
514984,Sneakers,Shoes,127.0,0.0,FALSE,2025-03-26
452167,Sneakers,Shoes,132.0,5.0,TRUE,2025-01-08
940897,Scarf,Accessories,130.0,0.0,FALSE,2025-03-19
584944,Office Dress,Dress,225.0,10.0,TRUE,2025-01-08
883922,Belt,Accessories,65.0,10.0,FALSE,2025-02-05
239340,Office Dress,Dress,29.0,5.0,FALSE,2025-03-14
738369,Belt,Accessories,92.0,0.0,FALSE,2025-03-26
353266,Sandals,Shoes,117.0,5.0,FALSE,2025-01-24
470214,Belt,Accessories,73.0,10.0,FALSE,2025-03-04
589303,Heels,Shoes,214.0,10.0,FALSE,2025-02-20
690750,Handbag,Accessories,58.0,10.0,TRUE,2025-02-21
343078,Evening Dress,Dress,35.0,0.0,TRUE,2025-03-26
954047,Handbag,Accessories,129.0,5.0,TRUE,2025-02-22
915863,Evening Dress,Dress,294.0,0.0,FALSE,2025-03-14
537229,Sandals,Shoes,208.0,10.0,FALSE,2025-02-14
559895,Summer Dress,Dress,222.0,10.0,FALSE,2025-03-11
620417,Heels,Shoes,141.0,10.0,FALSE,2025-02-21
717761,Scarf,Accessories,435.0,0.0,FALSE,2025-01-19
947197,Sandals,Shoes,189.0,5.0,FALSE,2025-03-21
148247,Sneakers,Shoes,171.0,10.0,FALSE,2025-01-18
238456,Scarf,Accessories,280.0,0.0,TRUE,2025-01-12
740953,Evening Dress,Dress,162.0,10.0,FALSE,2025-03-07
739383,Summer Dress,Dress,399.0,10.0,FALSE,2025-01-15
688825,Evening Dress,Dress,92.0,10.0,TRUE,2025-03-17
401556,Summer Dress,Dress,261.0,10.0,FALSE,2025-01-06
765035,Handbag,Accessories,130.0,10.0,FALSE,2025-01-16
848831,Evening Dress,Dress,174.0,0.0,FALSE,2025-01-09
254060,Sandals,Shoes,279.0,5.0,FALSE,2025-02-10
341603,Scarf,Accessories,232.0,0.0,TRUE,2025-03-16
603750,Scarf,Accessories,246.0,5.0,FALSE,2025-03-30
486915,Office Dress,Dress,360.0,0.0,FALSE,2025-02-08
654344,Summer Dress,Dress,294.0,0.0,FALSE,2025-03-16
207657,Summer Dress,Dress,81.0,10.0,FALSE,2025-01-25
939979,Sandals,Shoes,137.0,5.0,FALSE,2025-03-17
479628,Belt,Accessories,285.0,5.0,FALSE,2025-02-13
309276,Sandals,Shoes,195.0,5.0,TRUE,2025-01-27
743362,Sandals,Shoes,62.0,0.0,TRUE,2025-03-08
433365,Sandals,Shoes,184.0,0.0,FALSE,2025-01-19
894397,Scarf,Accessories,284.0,10.0,FALSE,2025-03-07
331851,Evening Dress,Dress,342.0,5.0,FALSE,2025-01-17
930973,Sneakers,Shoes,113.0,10.0,FALSE,2025-01-12
924642,Handbag,Accessories,88.0,10.0,FALSE,2025-01-22
109155,Scarf,Accessories,23.0,10.0,FALSE,2025-01-02
989426,Evening Dress,Dress,81.0,10.0,TRUE,2025-03-17
641418,Sneakers,Shoes,174.0,10.0,FALSE,2025-03-13
448352,Heels,Shoes,72.0,10.0,FALSE,2025-03-01
177111,Scarf,Accessories,284.0,0.0,TRUE,2025-03-17
817550,Sneakers,Shoes,148.0,10.0,FALSE,2025-02-17
797835,Belt,Accessories,405.0,5.0,FALSE,2025-03-21
476466,Sneakers,Shoes,168.0,0.0,FALSE,2025-01-05
257672,Evening Dress,Dress,268.0,10.0,FALSE,2025-02-27
159048,Evening Dress,Dress,58.0,10.0,FALSE,2025-03-15
386436,Summer Dress,Dress,212.0,0.0,TRUE,2025-03-11
948467,Office Dress,Dress,204.0,5.0,FALSE,2025-01-28
618600,Sandals,Shoes,210.0,0.0,FALSE,2025-01-29
549525,Sneakers,Shoes,64.0,5.0,FALSE,2025-01-16
971161,Sneakers,Shoes,126.0,10.0,FALSE,2025-02-14
534282,Heels,Shoes,105.0,0.0,TRUE,2025-03-15
591720,Office Dress,Dress,148.0,10.0,FALSE,2025-01-07
847746,Sneakers,Shoes,234.0,10.0,FALSE,2025-02-02
685873,Sneakers,Shoes,122.0,5.0,FALSE,2025-03-15
165484,Sneakers,Shoes,327.0,0.0,TRUE,2025-03-28
118389,Handbag,Accessories,228.0,0.0,FALSE,2025-01-10
490646,Summer Dress,Dress,300.0,5.0,FALSE,2025-03-02
609393,Office Dress,Dress,88.0,0.0,FALSE,2025-03-29
864473,Handbag,Accessories,135.0,0.0,FALSE,2025-02-02
868748,Sandals,Shoes,124.0,0.0,FALSE,2025-02-11
186599,Heels,Shoes,66.0,5.0,FALSE,2025-01-25
755104,Office Dress,Dress,55.0,5.0,FALSE,2025-02-04
568131,Scarf,Accessories,248.0,10.0,FALSE,2025-03-09
808914,Scarf,Accessories,134.0,10.0,FALSE,2025-01-25
234543,Office Dress,Dress,109.0,10.0,TRUE,2025-02-09
625288,Evening Dress,Dress,134.0,0.0,TRUE,2025-01-14
783932,Office Dress,Dress,94.0,10.0,FALSE,2025-01-30
719227,Sneakers,Shoes,107.0,0.0,FALSE,2025-01-12
484585,Handbag,Accessories,112.0,5.0,FALSE,2025-02-02
729206,Evening Dress,Dress,57.0,5.0,TRUE,2025-03-29
735258,Handbag,Accessories,450.0,5.0,FALSE,2025-01-05
765536,Summer Dress,Dress,111.0,10.0,FALSE,2025-03-03
331960,Belt,Accessories,140.0,5.0,FALSE,2025-02-18
428777,Sandals,Shoes,240.0,10.0,FALSE,2025-02-04
702665,Sandals,Shoes,45.0,10.0,FALSE,2025-01-11
272794,Summer Dress,Dress,414.0,10.0,FALSE,2025-01-09
848257,Belt,Accessories,67.0,10.0,FALSE,2025-03-08
854106,Sneakers,Shoes,222.0,5.0,FALSE,2025-03-19
792369,Heels,Shoes,396.0,10.0,FALSE,2025-01-21
766914,Heels,Shoes,369.0,10.0,FALSE,2025-02-14
560201,Belt,Accessories,108.0,10.0,TRUE,2025-03-23
263326,Summer Dress,Dress,63.0,0.0,TRUE,2025-01-17
131356,Office Dress,Dress,144.0,0.0,FALSE,2025-03-04
814575,Handbag,Accessories,141.0,0.0,FALSE,2025-02-27
834098,Handbag,Accessories,188.0,0.0,FALSE,2025-01-19
479371,Summer Dress,Dress,63.0,5.0,FALSE,2025-01-23
209409,Belt,Accessories,87.0,10.0,TRUE,2025-03-04
825567,Handbag,Accessories,76.0,0.0,FALSE,2025-01-20
775840,Handbag,Accessories,47.0,5.0,TRUE,2025-01-21
593962,Summer Dress,Dress,76.0,0.0,FALSE,2025-02-24
974322,Office Dress,Dress,226.0,5.0,FALSE,2025-03-12
909792,Summer Dress,Dress,70.0,10.0,FALSE,2025-01-24
676309,Handbag,Accessories,150.0,5.0,FALSE,2025-02-10
902553,Evening Dress,Dress,170.0,10.0,TRUE,2025-01-23
804152,Office Dress,Dress,43.0,5.0,FALSE,2025-03-02
317837,Heels,Shoes,146.0,5.0,FALSE,2025-01-20
953467,Summer Dress,Dress,180.0,10.0,FALSE,2025-02-04
729615,Heels,Shoes,224.0,10.0,FALSE,2025-03-23
423854,Sneakers,Shoes,112.0,0.0,FALSE,2025-01-11
945123,Sneakers,Shoes,144.0,10.0,FALSE,2025-01-30
851829,Scarf,Accessories,262.0,10.0,FALSE,2025-03-16
462792,Belt,Accessories,268.0,0.0,TRUE,2025-02-03
963609,Sneakers,Shoes,165.0,10.0,FALSE,2025-02-09
593665,Handbag,Accessories,114.0,10.0,FALSE,2025-01-06
179223,Scarf,Accessories,176.0,5.0,FALSE,2025-01-01
674525,Belt,Accessories,128.0,0.0,FALSE,2025-03-01
147821,Heels,Shoes,213.0,10.0,TRUE,2025-03-18
822103,Office Dress,Dress,146.0,10.0,FALSE,2025-01-12
840464,Sandals,Shoes,432.0,10.0,FALSE,2025-03-14
346287,Evening Dress,Dress,248.0,5.0,FALSE,2025-01-01
803158,Office Dress,Dress,306.0,10.0,FALSE,2025-01-04
687806,Office Dress,Dress,177.0,10.0,TRUE,2025-02-01
330395,Summer Dress,Dress,115.0,10.0,FALSE,2025-01-13
939536,Evening Dress,Dress,33.0,0.0,FALSE,2025-02-15
407551,Handbag,Accessories,34.0,10.0,FALSE,2025-03-02
653641,Office Dress,Dress,85.0,10.0,FALSE,2025-02-28
160565,Belt,Accessories,165.0,0.0,FALSE,2025-03-20
612972,Scarf,Accessories,177.0,0.0,FALSE,2025-03-08
247807,Heels,Shoes,93.0,0.0,FALSE,2025-03-11
667354,Sandals,Shoes,342.0,5.0,FALSE,2025-02-05
199552,Heels,Shoes,105.0,10.0,FALSE,2025-01-04
961349,Heels,Shoes,75.0,5.0,TRUE,2025-01-02
298161,Evening Dress,Dress,86.0,0.0,FALSE,2025-02-11
631389,Summer Dress,Dress,158.0,10.0,FALSE,2025-02-11
876725,Summer Dress,Dress,246.0,5.0,FALSE,2025-02-07
190343,Handbag,Accessories,51.0,10.0,FALSE,2025-02-08
361327,Summer Dress,Dress,180.0,5.0,FALSE,2025-01-29
446972,Summer Dress,Dress,130.0,5.0,FALSE,2025-03-15
979959,Scarf,Accessories,236.0,10.0,FALSE,2025-03-27
236823,Heels,Shoes,226.0,5.0,FALSE,2025-02-03
365728,Scarf,Accessories,135.0,0.0,FALSE,2025-01-24
406667,Handbag,Accessories,162.0,0.0,FALSE,2025-01-03
314252,Scarf,Accessories,122.0,0.0,TRUE,2025-01-15
193498,Scarf,Accessories,118.0,5.0,FALSE,2025-02-22
518305,Handbag,Accessories,61.0,5.0,FALSE,2025-02-19
155748,Office Dress,Dress,40.0,10.0,FALSE,2025-02-24
712225,Sneakers,Shoes,279.0,5.0,FALSE,2025-01-12
217765,Belt,Accessories,204.0,5.0,TRUE,2025-01-06
452326,Belt,Accessories,438.0,0.0,FALSE,2025-02-28
832575,Scarf,Accessories,86.0,10.0,FALSE,2025-03-22
747437,Office Dress,Dress,182.0,5.0,FALSE,2025-02-18
724087,Sneakers,Shoes,134.0,10.0,FALSE,2025-01-27
399632,Sandals,Shoes,55.0,10.0,FALSE,2025-01-22
198719,Office Dress,Dress,65.0,10.0,FALSE,2025-02-09
255782,Handbag,Accessories,109.0,0.0,FALSE,2025-03-15
410853,Summer Dress,Dress,117.0,5.0,FALSE,2025-03-25
184665,Scarf,Accessories,89.0,5.0,FALSE,2025-03-22
426762,Scarf,Accessories,132.0,10.0,FALSE,2025-03-09
870515,Summer Dress,Dress,198.0,0.0,FALSE,2025-01-27
586211,Sneakers,Shoes,110.0,10.0,FALSE,2025-01-14
885129,Sandals,Shoes,75.0,10.0,FALSE,2025-03-13
799718,Belt,Accessories,68.0,10.0,FALSE,2025-03-19
444872,Summer Dress,Dress,105.0,5.0,TRUE,2025-01-08
903441,Belt,Accessories,264.0,0.0,FALSE,2025-01-15
943373,Evening Dress,Dress,132.0,5.0,FALSE,2025-02-07
506140,Heels,Shoes,231.0,5.0,FALSE,2025-02-26
278327,Evening Dress,Dress,48.0,10.0,FALSE,2025-02-25
527447,Office Dress,Dress,54.0,0.0,FALSE,2025-03-23
256331,Sneakers,Shoes,297.0,10.0,FALSE,2025-02-05
360868,Sandals,Shoes,108.0,0.0,FALSE,2025-03-29
315108,Sandals,Shoes,160.0,10.0,FALSE,2025-02-17
509361,Scarf,Accessories,136.0,5.0,FALSE,2025-02-12
598961,Summer Dress,Dress,262.0,10.0,FALSE,2025-01-11
859274,Handbag,Accessories,186.0,0.0,FALSE,2025-03-03
552153,Summer Dress,Dress,102.0,0.0,FALSE,2025-01-02
940009,Summer Dress,Dress,190.0,0.0,FALSE,2025-03-24
482558,Evening Dress,Dress,54.0,0.0,TRUE,2025-03-01
928505,Summer Dress,Dress,76.0,0.0,TRUE,2025-02-24
490310,Scarf,Accessories,225.0,10.0,FALSE,2025-02-27
808399,Heels,Shoes,24.0,10.0,FALSE,2025-02-14
154889,Sneakers,Shoes,172.0,0.0,FALSE,2025-01-26
904294,Evening Dress,Dress,124.0,0.0,FALSE,2025-02-04
366667,Heels,Shoes,286.0,0.0,FALSE,2025-02-07
357658,Scarf,Accessories,226.0,10.0,FALSE,2025-03-07
337326,Sneakers,Shoes,126.0,0.0,FALSE,2025-03-21
520317,Summer Dress,Dress,125.0,5.0,FALSE,2025-02-19
493447,Evening Dress,Dress,114.0,10.0,FALSE,2025-02-09
839318,Heels,Shoes,330.0,5.0,FALSE,2025-02-23
108695,Sneakers,Shoes,131.0,5.0,FALSE,2025-01-25
302439,Office Dress,Dress,119.0,0.0,FALSE,2025-02-03
527280,Sandals,Shoes,87.0,5.0,TRUE,2025-02-18
713251,Heels,Shoes,69.0,10.0,FALSE,2025-03-14
194032,Belt,Accessories,127.0,10.0,FALSE,2025-01-23
536029,Office Dress,Dress,150.0,0.0,FALSE,2025-03-15
483935,Evening Dress,Dress,83.0,0.0,FALSE,2025-02-13
877861,Handbag,Accessories,438.0,10.0,FALSE,2025-02-21
419236,Sneakers,Shoes,142.0,10.0,FALSE,2025-01-09
477274,Scarf,Accessories,363.0,5.0,FALSE,2025-03-13
132821,Sandals,Shoes,154.0,5.0,FALSE,2025-01-02
409937,Evening Dress,Dress,270.0,5.0,FALSE,2025-03-11
341195,Heels,Shoes,98.0,10.0,FALSE,2025-01-21
955260,Sandals,Shoes,124.0,10.0,FALSE,2025-01-20
135701,Evening Dress,Dress,94.0,0.0,FALSE,2025-03-21
559500,Evening Dress,Dress,140.0,5.0,FALSE,2025-01-19
143739,Scarf,Accessories,207.0,10.0,FALSE,2025-03-12
397223,Evening Dress,Dress,80.0,10.0,FALSE,2025-03-20
789008,Scarf,Accessories,202.0,10.0,TRUE,2025-03-09
711581,Handbag,Accessories,44.0,5.0,FALSE,2025-01-05
776687,Evening Dress,Dress,66.0,10.0,FALSE,2025-02-19
466492,Summer Dress,Dress,81.0,0.0,FALSE,2025-01-05
343075,Heels,Shoes,114.0,10.0,TRUE,2025-03-10
128873,Sneakers,Shoes,387.0,5.0,FALSE,2025-03-19
987435,Belt,Accessories,125.0,0.0,TRUE,2025-03-28
331908,Heels,Shoes,262.0,10.0,TRUE,2025-03-31
222382,Belt,Accessories,134.0,10.0,FALSE,2025-01-25
783549,Office Dress,Dress,348.0,5.0,FALSE,2025-02-08
757451,Sneakers,Shoes,134.0,10.0,TRUE,2025-02-19
370118,Sneakers,Shoes,80.0,0.0,FALSE,2025-01-03
250489,Sandals,Shoes,71.0,0.0,FALSE,2025-01-15
652770,Belt,Accessories,109.0,10.0,FALSE,2025-03-10
858962,Scarf,Accessories,220.0,10.0,TRUE,2025-02-08
690305,Belt,Accessories,96.0,5.0,FALSE,2025-03-20
974099,Scarf,Accessories,26.0,5.0,FALSE,2025-02-28
735536,Office Dress,Dress,138.0,5.0,FALSE,2025-03-18
209625,Heels,Shoes,137.0,5.0,FALSE,2025-01-01
464777,Sandals,Shoes,156.0,5.0,FALSE,2025-01-15
170510,Sandals,Shoes,426.0,0.0,FALSE,2025-02-11
243903,Summer Dress,Dress,144.0,10.0,FALSE,2025-01-05
846984,Office Dress,Dress,296.0,0.0,FALSE,2025-03-21
743446,Handbag,Accessories,450.0,5.0,FALSE,2025-01-14
554564,Summer Dress,Dress,133.0,5.0,FALSE,2025-02-11
322650,Evening Dress,Dress,192.0,0.0,FALSE,2025-01-16
675880,Handbag,Accessories,396.0,0.0,FALSE,2025-03-01
147912,Sandals,Shoes,92.0,5.0,FALSE,2025-01-18
190203,Handbag,Accessories,82.0,10.0,FALSE,2025-03-01
822933,Belt,Accessories,300.0,10.0,FALSE,2025-01-10
229590,Summer Dress,Dress,232.0,5.0,FALSE,2025-01-10
319200,Summer Dress,Dress,66.0,5.0,FALSE,2025-03-01
652472,Sandals,Shoes,297.0,10.0,FALSE,2025-02-18
110070,Office Dress,Dress,46.0,5.0,FALSE,2025-02-11
270624,Heels,Shoes,91.0,0.0,FALSE,2025-01-13
230702,Handbag,Accessories,55.0,0.0,FALSE,2025-02-06
810950,Summer Dress,Dress,266.0,0.0,FALSE,2025-03-30
990905,Office Dress,Dress,210.0,5.0,FALSE,2025-03-05
443113,Handbag,Accessories,405.0,5.0,FALSE,2025-01-26
640796,Sneakers,Shoes,183.0,5.0,FALSE,2025-01-19
954445,Sneakers,Shoes,158.0,10.0,FALSE,2025-02-22
944281,Evening Dress,Dress,258.0,10.0,FALSE,2025-02-23
387259,Sandals,Shoes,68.0,10.0,FALSE,2025-01-07
305983,Sneakers,Shoes,186.0,0.0,FALSE,2025-01-10
222169,Scarf,Accessories,21.0,10.0,FALSE,2025-02-14
995011,Belt,Accessories,126.0,10.0,FALSE,2025-03-21
464550,Evening Dress,Dress,153.0,0.0,FALSE,2025-01-29
909323,Sneakers,Shoes,148.0,10.0,FALSE,2025-03-09
907999,Handbag,Accessories,160.0,0.0,FALSE,2025-03-24
862537,Summer Dress,Dress,88.0,10.0,FALSE,2025-01-18
375128,Heels,Shoes,84.0,0.0,FALSE,2025-02-21
737804,Belt,Accessories,113.0,5.0,FALSE,2025-02-05
486248,Sandals,Shoes,276.0,5.0,TRUE,2025-01-20
830897,Heels,Shoes,134.0,5.0,FALSE,2025-02-24
239190,Scarf,Accessories,450.0,10.0,FALSE,2025-01-02
683814,Summer Dress,Dress,83.0,5.0,FALSE,2025-01-01
531716,Summer Dress,Dress,393.0,10.0,FALSE,2025-02-14
558761,Handbag,Accessories,225.0,10.0,FALSE,2025-03-01
538156,Handbag,Accessories,206.0,5.0,FALSE,2025-02-26
870154,Sandals,Shoes,61.0,10.0,TRUE,2025-01-08
981404,Heels,Shoes,100.0,5.0,TRUE,2025-03-18
565629,Scarf,Accessories,182.0,0.0,FALSE,2025-01-09
669542,Sneakers,Shoes,100.0,10.0,FALSE,2025-02-27
958687,Sneakers,Shoes,180.0,10.0,FALSE,2025-02-19
475526,Evening Dress,Dress,47.0,0.0,FALSE,2025-03-23
847151,Scarf,Accessories,315.0,5.0,FALSE,2025-01-22
472435,Handbag,Accessories,260.0,0.0,FALSE,2025-02-20
195554,Summer Dress,Dress,52.0,10.0,FALSE,2025-01-22
524962,Scarf,Accessories,166.0,0.0,FALSE,2025-01-31
497935,Evening Dress,Dress,146.0,0.0,TRUE,2025-01-03
305887,Scarf,Accessories,105.0,10.0,FALSE,2025-01-04
600580,Office Dress,Dress,76.0,5.0,FALSE,2025-01-13
166301,Summer Dress,Dress,375.0,5.0,TRUE,2025-03-05
990969,Scarf,Accessories,137.0,0.0,TRUE,2025-03-11
470308,Office Dress,Dress,75.0,0.0,FALSE,2025-02-19
320989,Scarf,Accessories,85.0,10.0,FALSE,2025-03-27
832679,Evening Dress,Dress,81.0,0.0,FALSE,2025-03-17
311392,Evening Dress,Dress,90.0,5.0,TRUE,2025-03-28
842898,Office Dress,Dress,396.0,10.0,FALSE,2025-03-06
614542,Handbag,Accessories,171.0,0.0,FALSE,2025-02-27
419862,Evening Dress,Dress,134.0,0.0,FALSE,2025-01-14
865368,Handbag,Accessories,106.0,10.0,FALSE,2025-02-20
220752,Sandals,Shoes,92.0,5.0,FALSE,2025-02-09
943298,Handbag,Accessories,315.0,0.0,FALSE,2025-01-08
823917,Evening Dress,Dress,204.0,0.0,FALSE,2025-01-21
740878,Sneakers,Shoes,264.0,5.0,FALSE,2025-03-11
730367,Evening Dress,Dress,195.0,10.0,FALSE,2025-02-18
282987,Belt,Accessories,252.0,5.0,FALSE,2025-02-21
259902,Sneakers,Shoes,264.0,5.0,TRUE,2025-01-02
937721,Evening Dress,Dress,363.0,0.0,FALSE,2025-02-13
801196,Scarf,Accessories,164.0,0.0,FALSE,2025-01-08
887617,Evening Dress,Dress,123.0,0.0,FALSE,2025-01-11
266475,Belt,Accessories,146.0,10.0,FALSE,2025-03-31
114729,Evening Dress,Dress,50.0,10.0,TRUE,2025-02-15
395514,Sandals,Shoes,270.0,0.0,TRUE,2025-02-18
162095,Evening Dress,Dress,136.0,0.0,FALSE,2025-03-25
693431,Handbag,Accessories,95.0,5.0,FALSE,2025-01-15
871199,Sneakers,Shoes,88.0,5.0,FALSE,2025-03-20
356709,Office Dress,Dress,144.0,10.0,FALSE,2025-03-07
525219,Belt,Accessories,177.0,10.0,FALSE,2025-03-15
551877,Sneakers,Shoes,88.0,5.0,FALSE,2025-02-11
872424,Scarf,Accessories,75.0,10.0,FALSE,2025-02-26
187009,Heels,Shoes,25.0,10.0,FALSE,2025-01-04
620780,Evening Dress,Dress,72.0,0.0,FALSE,2025-01-27
349998,Heels,Shoes,243.0,0.0,FALSE,2025-01-08
507012,Evening Dress,Dress,123.0,5.0,FALSE,2025-02-03
349976,Belt,Accessories,231.0,10.0,FALSE,2025-01-22
280757,Summer Dress,Dress,136.0,5.0,FALSE,2025-02-12
227011,Evening Dress,Dress,103.0,5.0,FALSE,2025-02-19
675188,Evening Dress,Dress,297.0,5.0,FALSE,2025-01-02
811092,Summer Dress,Dress,208.0,0.0,FALSE,2025-03-10
546863,Heels,Shoes,39.0,10.0,FALSE,2025-01-28
786522,Sneakers,Shoes,130.0,0.0,FALSE,2025-03-03
641200,Sandals,Shoes,172.0,5.0,FALSE,2025-01-03
197269,Evening Dress,Dress,75.0,0.0,TRUE,2025-03-11
234460,Office Dress,Dress,321.0,10.0,FALSE,2025-01-13
609492,Evening Dress,Dress,40.0,0.0,FALSE,2025-01-06
870390,Sandals,Shoes,228.0,5.0,FALSE,2025-03-12
459230,Summer Dress,Dress,324.0,10.0,FALSE,2025-03-29
159220,Evening Dress,Dress,100.0,0.0,FALSE,2025-01-15
625311,Office Dress,Dress,234.0,5.0,FALSE,2025-02-09
405785,Summer Dress,Dress,258.0,10.0,FALSE,2025-03-18
763626,Handbag,Accessories,106.0,10.0,TRUE,2025-03-14
605013,Summer Dress,Dress,256.0,5.0,FALSE,2025-01-04
608989,Scarf,Accessories,321.0,0.0,FALSE,2025-03-09
690618,Sandals,Shoes,152.0,0.0,FALSE,2025-02-01
786704,Summer Dress,Dress,336.0,5.0,FALSE,2025-02-21
108016,Belt,Accessories,171.0,5.0,FALSE,2025-02-07
133327,Evening Dress,Dress,194.0,10.0,TRUE,2025-01-16
939081,Summer Dress,Dress,165.0,10.0,FALSE,2025-02-20
170136,Heels,Shoes,218.0,10.0,FALSE,2025-01-12
711857,Heels,Shoes,57.0,0.0,FALSE,2025-03-08
629792,Sneakers,Shoes,94.0,0.0,FALSE,2025-02-05
309357,Summer Dress,Dress,300.0,10.0,FALSE,2025-02-27
428785,Belt,Accessories,142.0,0.0,FALSE,2025-03-11
423949,Evening Dress,Dress,96.0,10.0,TRUE,2025-02-25
531380,Handbag,Accessories,254.0,5.0,FALSE,2025-01-09
996052,Sandals,Shoes,50.0,0.0,FALSE,2025-01-18
432826,Sneakers,Shoes,282.0,0.0,FALSE,2025-01-01
542915,Office Dress,Dress,192.0,0.0,FALSE,2025-01-04
546236,Heels,Shoes,134.0,0.0,FALSE,2025-03-09
337601,Belt,Accessories,231.0,0.0,FALSE,2025-01-24
245479,Scarf,Accessories,107.0,5.0,FALSE,2025-03-26
136353,Evening Dress,Dress,62.0,5.0,FALSE,2025-02-15
156080,Sandals,Shoes,226.0,5.0,FALSE,2025-02-20
617667,Summer Dress,Dress,363.0,10.0,FALSE,2025-02-17
470782,Scarf,Accessories,70.0,0.0,FALSE,2025-02-19
112539,Scarf,Accessories,435.0,10.0,FALSE,2025-02-23
567778,Office Dress,Dress,84.0,5.0,FALSE,2025-03-14
262121,Belt,Accessories,132.0,10.0,FALSE,2025-01-17
495527,Sandals,Shoes,81.0,10.0,FALSE,2025-01-08
443875,Handbag,Accessories,93.0,5.0,FALSE,2025-01-15
356667,Sneakers,Shoes,123.0,10.0,FALSE,2025-03-11
583240,Handbag,Accessories,99.0,0.0,TRUE,2025-03-27
196992,Office Dress,Dress,118.0,5.0,FALSE,2025-01-03
833866,Office Dress,Dress,384.0,5.0,FALSE,2025-02-16
194099,Belt,Accessories,44.0,5.0,TRUE,2025-01-04
214627,Belt,Accessories,69.0,10.0,FALSE,2025-02-06
953724,Scarf,Accessories,139.0,10.0,FALSE,2025-01-21
269474,Sandals,Shoes,138.0,0.0,FALSE,2025-02-16
720709,Belt,Accessories,145.0,10.0,FALSE,2025-03-08
676792,Sneakers,Shoes,120.0,10.0,TRUE,2025-02-19
495770,Belt,Accessories,21.0,10.0,FALSE,2025-02-24
319990,Belt,Accessories,138.0,10.0,FALSE,2025-01-28
414560,Office Dress,Dress,50.0,5.0,FALSE,2025-02-11
271375,Sandals,Shoes,252.0,0.0,TRUE,2025-01-17
493524,Belt,Accessories,81.0,10.0,FALSE,2025-03-07
213124,Sandals,Shoes,438.0,0.0,TRUE,2025-02-11
560532,Heels,Shoes,152.0,5.0,FALSE,2025-03-18
210354,Belt,Accessories,266.0,5.0,FALSE,2025-03-26
816716,Evening Dress,Dress,138.0,10.0,TRUE,2025-01-20
149091,Scarf,Accessories,76.0,10.0,FALSE,2025-01-28
249087,Sneakers,Shoes,228.0,5.0,FALSE,2025-03-25
623800,Office Dress,Dress,290.0,10.0,FALSE,2025-01-21
930353,Sneakers,Shoes,164.0,5.0,FALSE,2025-03-22
368898,Handbag,Accessories,93.0,0.0,FALSE,2025-02-19
974359,Heels,Shoes,23.0,0.0,FALSE,2025-01-14
402460,Sneakers,Shoes,122.0,5.0,TRUE,2025-03-06
729367,Handbag,Accessories,345.0,5.0,FALSE,2025-01-28
767526,Scarf,Accessories,270.0,0.0,FALSE,2025-01-29
605737,Sandals,Shoes,327.0,0.0,FALSE,2025-03-22
463815,Summer Dress,Dress,246.0,0.0,FALSE,2025-01-15
907082,Sneakers,Shoes,38.0,0.0,FALSE,2025-01-25
353776,Office Dress,Dress,123.0,5.0,FALSE,2025-02-24
400693,Handbag,Accessories,76.0,10.0,FALSE,2025-01-08
224139,Belt,Accessories,387.0,0.0,FALSE,2025-03-10
425672,Summer Dress,Dress,249.0,5.0,FALSE,2025-03-25
746472,Summer Dress,Dress,94.0,0.0,FALSE,2025-02-05
647241,Evening Dress,Dress,408.0,10.0,FALSE,2025-01-14
599306,Sneakers,Shoes,208.0,0.0,FALSE,2025-01-12
344775,Scarf,Accessories,147.0,10.0,FALSE,2025-03-06
510823,Heels,Shoes,126.0,0.0,FALSE,2025-03-17
406807,Scarf,Accessories,120.0,0.0,FALSE,2025-01-06
230719,Sneakers,Shoes,131.0,10.0,TRUE,2025-02-02
564973,Scarf,Accessories,72.0,10.0,FALSE,2025-03-05
779601,Sneakers,Shoes,188.0,5.0,FALSE,2025-03-14
957082,Office Dress,Dress,104.0,5.0,TRUE,2025-01-05
888600,Sneakers,Shoes,222.0,0.0,FALSE,2025-02-28
273336,Evening Dress,Dress,76.0,0.0,FALSE,2025-02-24
177496,Sneakers,Shoes,177.0,10.0,FALSE,2025-03-01
140622,Scarf,Accessories,149.0,0.0,FALSE,2025-01-13
909349,Summer Dress,Dress,420.0,10.0,FALSE,2025-03-17
445315,Summer Dress,Dress,160.0,5.0,FALSE,2025-03-30
431105,Belt,Accessories,303.0,5.0,FALSE,2025-02-23
226900,Sandals,Shoes,276.0,5.0,FALSE,2025-03-18
802519,Belt,Accessories,231.0,0.0,TRUE,2025-02-27
456643,Sneakers,Shoes,81.0,10.0,FALSE,2025-02-22
790531,Summer Dress,Dress,284.0,0.0,TRUE,2025-02-10
409124,Handbag,Accessories,254.0,5.0,FALSE,2025-03-07
768820,Heels,Shoes,77.0,0.0,FALSE,2025-03-22
258403,Handbag,Accessories,52.0,10.0,FALSE,2025-02-05
881927,Sandals,Shoes,321.0,5.0,FALSE,2025-02-22
581956,Heels,Shoes,54.0,0.0,FALSE,2025-02-16
293736,Office Dress,Dress,246.0,10.0,FALSE,2025-03-02
118314,Sandals,Shoes,447.0,10.0,FALSE,2025-03-05
962397,Office Dress,Dress,333.0,5.0,FALSE,2025-01-04
621270,Summer Dress,Dress,96.0,0.0,TRUE,2025-02-22
196689,Sneakers,Shoes,282.0,0.0,FALSE,2025-01-26
530221,Belt,Accessories,402.0,10.0,FALSE,2025-02-03
828889,Belt,Accessories,110.0,10.0,FALSE,2025-03-07
438659,Office Dress,Dress,63.0,0.0,FALSE,2025-01-18
287738,Scarf,Accessories,246.0,5.0,FALSE,2025-02-01
560350,Summer Dress,Dress,61.0,10.0,FALSE,2025-02-03
589509,Office Dress,Dress,70.0,10.0,FALSE,2025-02-17
724049,Office Dress,Dress,142.0,0.0,FALSE,2025-02-06
614486,Sandals,Shoes,264.0,0.0,TRUE,2025-03-06
838426,Belt,Accessories,96.0,10.0,FALSE,2025-02-15
632046,Scarf,Accessories,264.0,5.0,FALSE,2025-01-16
272443,Evening Dress,Dress,58.0,10.0,FALSE,2025-03-14
352949,Handbag,Accessories,106.0,0.0,TRUE,2025-03-17
307220,Evening Dress,Dress,166.0,5.0,FALSE,2025-02-22
593652,Evening Dress,Dress,260.0,5.0,FALSE,2025-03-20
226764,Handbag,Accessories,154.0,10.0,FALSE,2025-03-07
539760,Office Dress,Dress,88.0,0.0,FALSE,2025-03-11
300611,Office Dress,Dress,136.0,0.0,FALSE,2025-03-14
901958,Evening Dress,Dress,117.0,0.0,FALSE,2025-02-12
810592,Sandals,Shoes,46.0,10.0,FALSE,2025-01-16
533626,Scarf,Accessories,85.0,10.0,FALSE,2025-01-31
245706,Sneakers,Shoes,423.0,0.0,FALSE,2025-01-14
261771,Belt,Accessories,86.0,10.0,FALSE,2025-02-06
780925,Belt,Accessories,330.0,5.0,FALSE,2025-01-04
385387,Scarf,Accessories,134.0,5.0,FALSE,2025-03-19
656724,Evening Dress,Dress,117.0,5.0,FALSE,2025-01-27
276005,Office Dress,Dress,99.0,5.0,FALSE,2025-02-13
968327,Heels,Shoes,171.0,5.0,FALSE,2025-03-08
496801,Heels,Shoes,69.0,10.0,FALSE,2025-03-12
200086,Heels,Shoes,284.0,10.0,FALSE,2025-01-20
163323,Sandals,Shoes,288.0,5.0,FALSE,2025-01-26
575508,Evening Dress,Dress,40.0,5.0,FALSE,2025-03-26
797576,Summer Dress,Dress,74.0,5.0,FALSE,2025-01-02
147251,Heels,Shoes,138.0,10.0,FALSE,2025-02-23
104256,Heels,Shoes,213.0,10.0,FALSE,2025-02-24
439861,Evening Dress,Dress,120.0,0.0,FALSE,2025-01-31
974174,Summer Dress,Dress,128.0,0.0,FALSE,2025-01-21
282110,Heels,Shoes,139.0,0.0,FALSE,2025-03-24
134847,Sneakers,Shoes,81.0,10.0,FALSE,2025-01-04
237709,Sneakers,Shoes,77.0,10.0,FALSE,2025-01-21
651558,Office Dress,Dress,384.0,5.0,FALSE,2025-01-30
131351,Sneakers,Shoes,130.0,0.0,FALSE,2025-01-15
875347,Belt,Accessories,178.0,10.0,FALSE,2025-01-17
103187,Office Dress,Dress,393.0,0.0,TRUE,2025-01-31
985391,Summer Dress,Dress,104.0,10.0,TRUE,2025-03-23
511608,Belt,Accessories,80.0,0.0,FALSE,2025-03-20
603301,Sneakers,Shoes,133.0,5.0,FALSE,2025-03-13
645935,Evening Dress,Dress,381.0,10.0,FALSE,2025-01-13
408505,Sneakers,Shoes,240.0,0.0,FALSE,2025-03-31
517512,Sandals,Shoes,270.0,5.0,TRUE,2025-01-11
160263,Handbag,Accessories,159.0,10.0,TRUE,2025-02-24
783649,Heels,Shoes,321.0,0.0,TRUE,2025-02-13
582380,Office Dress,Dress,138.0,0.0,TRUE,2025-02-13
781811,Heels,Shoes,210.0,0.0,FALSE,2025-03-13
783022,Sandals,Shoes,61.0,0.0,FALSE,2025-02-06
410146,Sneakers,Shoes,135.0,10.0,FALSE,2025-01-27
978533,Summer Dress,Dress,50.0,10.0,FALSE,2025-02-13
866469,Belt,Accessories,248.0,0.0,FALSE,2025-03-13
596888,Belt,Accessories,273.0,5.0,FALSE,2025-03-13
159642,Sandals,Shoes,288.0,0.0,FALSE,2025-03-07
817617,Scarf,Accessories,399.0,5.0,FALSE,2025-01-02
688435,Sneakers,Shoes,104.0,10.0,FALSE,2025-01-14
621637,Office Dress,Dress,186.0,0.0,FALSE,2025-01-21
955170,Scarf,Accessories,48.0,0.0,FALSE,2025-02-22
160499,Summer Dress,Dress,266.0,0.0,FALSE,2025-03-21
459750,Summer Dress,Dress,31.0,5.0,FALSE,2025-01-09
146808,Summer Dress,Dress,132.0,5.0,TRUE,2025-01-09
273168,Sneakers,Shoes,133.0,5.0,FALSE,2025-02-28
638985,Sandals,Shoes,29.0,0.0,FALSE,2025-01-18
630730,Belt,Accessories,234.0,5.0,FALSE,2025-02-11
930387,Office Dress,Dress,75.0,10.0,FALSE,2025-01-25
755101,Evening Dress,Dress,140.0,10.0,FALSE,2025-02-22
628249,Scarf,Accessories,33.0,10.0,FALSE,2025-01-31
314471,Handbag,Accessories,135.0,10.0,TRUE,2025-01-27
537757,Handbag,Accessories,228.0,10.0,FALSE,2025-03-13
558994,Heels,Shoes,129.0,0.0,FALSE,2025-01-10
980382,Sandals,Shoes,180.0,10.0,FALSE,2025-03-16
539795,Summer Dress,Dress,262.0,5.0,FALSE,2025-01-07
668757,Sneakers,Shoes,261.0,0.0,TRUE,2025-03-28
677109,Scarf,Accessories,194.0,10.0,FALSE,2025-02-20
296471,Office Dress,Dress,270.0,5.0,FALSE,2025-03-13
370756,Summer Dress,Dress,222.0,0.0,FALSE,2025-02-20
202436,Handbag,Accessories,66.0,10.0,FALSE,2025-03-11
194418,Summer Dress,Dress,228.0,10.0,FALSE,2025-01-10
282815,Scarf,Accessories,166.0,10.0,FALSE,2025-03-05
774128,Summer Dress,Dress,74.0,10.0,FALSE,2025-02-14
404905,Handbag,Accessories,96.0,0.0,TRUE,2025-03-28
677523,Belt,Accessories,56.0,5.0,FALSE,2025-02-28
389479,Summer Dress,Dress,54.0,10.0,FALSE,2025-01-27
664468,Sneakers,Shoes,116.0,0.0,FALSE,2025-02-09
374749,Evening Dress,Dress,27.0,10.0,FALSE,2025-02-13
